1158796860745760768,Arcsa_Ec,#ArcsaTeCuida | En #BañosDeAguaSanta y #Guayaquil técnicos de #Arcsa realizan visitas en establecimientos de hospedaje para verificar las condiciones higiénico-sanitarias y el cumplimiento de la normativa vigente. pic.twitter.com/x8SzATmlm9,2019-08-06 17:47:55+00:00,44,89,#ArcsaTeCuida #BañosDeAguaSanta #Guayaquil #Arcsa,Eloy Alfaro,Sebasti46302110|AlejaS22820030|ValValori22|mauriciopazmio3|borbor_grace|Vivi73033532|CarolinaYumi1|EdwarRo66689378|YanezCJorge|CandyRafiGarcia|VickyRuizRR|marlonfer|paulycalderon07|TereGuerrero3|LilianaGunsha88|jime_elizabethv|JavierIntri|peterking1950|nanamaryore|Annie28428202|AvilaAlexf|tati_bermeo10|Henry_Loves|Dralch|Eddin91|MartikAlcivar|santiag13499961|JanePadillaB|agatharafaela14|alberthcarrera|cenastad|fredynz|DaniNarvaezA|aldoguillade|VivisGN|ecr_esther|vellico|CarmitaCaldero3|vero_jaya|Chris_Dier_84|JESSLEO79925089|XaviTaramuel|BelenFl22333312|isapau1986|janeTutiven|Paul_Jaime_Pozo|Santy_Pinedae|LalytaVillacis|FerZambrano12|ARCSA_CZ3|felix13lenin|Luistitomenen10|PatoCastro1090|cabezasandrea1|ecomatico|AlexitaFlores6|DiegoMancheno4|VeritoImb|MarisolMora4|Santiag80317734|dianyjimeneza|Carlosivan_B|MONY_83135|ARCSA_CZ2|cintya_tello|ErikaVera2017|KarlaDelgadoA|LaazDavid|NevarezLoor|KarLiiTa28|Javierm412|PatriciaHervas|plucema87|aecmagestad|AmaliaPalaciosA|ARCSA_CZ5|Fercita_Andrade
1158782473188384768,ARCSA_CZ8,#ArcsaTeInforma | Socializamos con propietarios y encargados de servicios de hospedaje y turismo sobre las observaciones levantadas durante la inspección. #ArcsaTeCuidapic.twitter.com/ZxrkojzrPL,2019-08-06 16:50:45+00:00,5,10,#ArcsaTeInforma #ArcsaTeCuidapic,Eloy Alfaro,JavierIntri|Annie28428202|Dralch|DaniNarvaezA|aldoguillade|ecomatico|rociomarca73|fredynz
1158775666269216768,ARCSA_CZ8,#ArcsaTeInforma | Verificamos mantenimiento de equipos de lavado de lencería en servicios de hospedaje y turismo en la ciudad de #Guayaquil . #ArcsaTeCuidapic.twitter.com/yoQFARRaYD,2019-08-06 16:23:42+00:00,4,9,#ArcsaTeInforma #Guayaquil #ArcsaTeCuidapic,Eloy Alfaro,Annie28428202|Dralch|aldoguillade|rociomarca73|Eddin91|ecomatico|fredynz
1158773870679212033,Arcsa_Ec,#ArcsaTeCuida | Técnicos de #Arcsa realizan operativo de control en establecimientos que ofrecen servicios de hospedaje en #SantaElena y #Crucita previo al feriado.pic.twitter.com/BJU5ICtV5p,2019-08-06 16:16:34+00:00,50,96,#ArcsaTeCuida #Arcsa #SantaElena #Crucita,Eloy Alfaro,Sebasti46302110|paguaymiguel91|AlejaS22820030|rociomarca73|mauriciopazmio3|isaias_photo|Vivi73033532|CarolinaYumi1|CandyRafiGarcia|luisyanacallo19|Joyi_emelec|LalytaVillacis|paulycalderon07|TereGuerrero3|Jessica02307576|Annie28428202|LilianaGunsha88|LuisIvanRamonS2|jime_elizabethv|peterking1950|sonia_ajila|nanamaryore|tati_bermeo10|MartikAlcivar|santiag13499961|JanePadillaB|ErikaAl39264046|alberthcarrera|agatharafaela14|cenastad|ValValori22|DaniNarvaezA|VivisGN|ecr_esther|vellico|Chris_Dier_84|JESSLEO79925089|XaviTaramuel|BelenFl22333312|isapau1986|Paul_Jaime_Pozo|janeTutiven|Santy_Pinedae|JaimeLo89443113|jfsevillano|FerZambrano12|felix13lenin|PatriciaHervas|irmacoronelp|Luistitomenen10|cabezasandrea1|PatoCastro1090|karinaredroban|AlexitaFlores6|DiegoMancheno4|VeritoImb|MarisolMora4|Santiag80317734|MONY_83135|ARCSA_CZ2|Carlosivan_B|KarlaDelgadoA|NevarezLoor|KarLiiTa28|plucema87|Fercita_Andrade|vero_jaya|juanpluacz5|ARCSA_CZ3|mellizeiro|Carlacr_1|CarmitaCaldero3|YanezCJorge|GaarKarito|AmaliaPalaciosA|JavierIntri|cra_amapola|cintya_tello|borbor_grace|LaazDavid|rafaconforme|ARCSA_CZ5|fredynz|ConmigoEcuador
1158772538694148097,ARCSA_CZ8,#ArcsaTeInforma | Socializamos con los colaboradores de servicios de hospedaje y turismo la importancia de los procedimientos y registros de limpieza. #ArcsaTeCuidapic.twitter.com/aKnbZWKcEw,2019-08-06 16:11:16+00:00,3,8,#ArcsaTeInforma #ArcsaTeCuidapic,Eloy Alfaro,rociomarca73|Annie28428202|Dralch|aldoguillade|ecomatico|fredynz
1158770658215682049,ARCSA_CZ8,#ArcsaTeInforma | Verificamos la limpieza de los utensilios donde se almacenan los alimentos que se sirven en el Buffet de restaurantes en servicios de hospedaje. #ArcsaTeCuidapic.twitter.com/JIERSnhMgz,2019-08-06 16:03:48+00:00,3,8,#ArcsaTeInforma #ArcsaTeCuidapic,Eloy Alfaro,Annie28428202|Dralch|aldoguillade|rociomarca73|ecomatico|fredynz|Jewston23
1158764712861011969,ARCSA_CZ8,#ArcsaTeInforma | Personal técnico de #Arcsa y @MinturZonal5 verifican el cumplimiento de la normativa vigente para servicios de hospedaje que funcionan en el centro de #Guayaquil . #ArcsaTeCuidapic.twitter.com/cKgorXTW7V,2019-08-06 15:40:11+00:00,6,12,#ArcsaTeInforma #Arcsa #Guayaquil #ArcsaTeCuidapic,Eloy Alfaro,rociomarca73|AmaliaPalaciosA|Annie28428202|Dralch|DaniNarvaezA|aldoguillade|Eddin91|Joanaizdel|ecomatico|fredynz
1158763892614598656,ARCSA_CZ8,#ArcsaTeInforma | Verificamos limpieza e higiene en habitaciones de servicios de hospedaje que funcionan en el centro de la ciudad de #Guayaquil . #ArcsaTeCuidapic.twitter.com/GQzsv6auCd,2019-08-06 15:36:55+00:00,3,10,#ArcsaTeInforma #Guayaquil #ArcsaTeCuidapic,Eloy Alfaro,rociomarca73|CristhianLoja2|Annie28428202|Dralch|aldoguillade|Eddin91|ecomatico|fredynz
1158762522746507267,ARCSA_CZ8,#ArcsaTeInforma | Personal técnico de #Arcsa verifica limpieza de estanterías y almacenamiento de materias primas en restaurantes que funcionan dentro de establecimientos de turismo y hospedaje. #ArcsaTeCuidapic.twitter.com/lQPFkYkKRq,2019-08-06 15:31:28+00:00,13,18,#ArcsaTeInforma #Arcsa #ArcsaTeCuidapic,Eloy Alfaro,rociomarca73|Anemix_salo|AceroMilton|Ale_Press|CarmitaCaldero3|cra_amapola|JavierIntri|Annie28428202|Dralch|aldoguillade|Eddin91|fredynz|DaniNarvaezA|MulkySebas|ecomatico
1158761688138731520,Black1411,Agrego que el año pasado Emelec aparecía en el SRI con una deuda por más de 3 Millones de dólares. Al terminar el año 2018 salía cero deudas. Más pago a empleados del club mantenimiento del estadio gastos por concentración traslados hospedaje alimentación etc etc,2019-08-06 15:28:09+00:00,4,2,,Eloy Alfaro,JayS_negro|robertpalacios1
1158759669709582337,ARCSA_CZ8,#ArcsaTeInforma | En operativo junto a @MinturZonal5 verificamos condiciones higiénicas en servicios de turismo y hospedaje del centro de #Guayaquil. #ArcsaTeCuidapic.twitter.com/HwPl78nZHX,2019-08-06 15:20:08+00:00,7,12,#ArcsaTeInforma #Guayaquil #ArcsaTeCuidapic,Eloy Alfaro,rociomarca73|Annie28428202|Dralch|DaniNarvaezA|ARCSA_CZ2|Jewston23|aldoguillade|Eddin91|fredynz|ecomatico
1157085618062659584,EcPeloteros,Carlos Córdova en #Peloteros: Ya se está arreglando el tema de hospedaje la movilización todo lo concerniente a Angulo. Aunque faltan definir temas como el salario del jugador,2019-08-02 00:28:03+00:00,0,1,#Peloteros,Eloy Alfaro,ElvisTayo
1124680695962533889,MinturZonal7,Cuando viajes anticipa tu hospedaje y planifica tu recorrido por tu seguridad y la de tu familia. #ViajaSeguroECpic.twitter.com/QatQi9jOra,2019-05-04 14:22:28+00:00,1,2,#ViajaSeguroECpic,El Guabo,Patolinoe|ivanvelezb
1159960152012939269,CooperativaJEP,En este feriado paga tus consumos de gastronomía viajes hospedaje y mucho más con #TarjetasJEP. Aprovecha los descuentos y promociones exclusivas.,2019-08-09 22:50:25+00:00,8,1,#TarjetasJEP,Balao,macoalt
1158375712233021446,peluditoscuenc,Tenemos en hospedaje un gigante llamado #Chaplin es del mismo tamaño que #Dilan pero de una ternura y amor únicos #CasaDeLosPeluditos … https://www.instagram.com/p/B0yOJXWpHWy/?igshid=1etw7zcgst5gc …,2019-08-05 13:54:26+00:00,1,1,#Chaplin #Dilan #CasaDeLosPeluditos,Balao,xaviermolinas
1132859665686192129,patoedg,Lo imperativo de q exista regulacion y control a este tipo de hospedaje q garantice seguridad a quien lo utilice @fenacapturec @TurismoEc @Captur_Azuay @TurismoCuencaEChttps://elcomercio.pe/mundo/latinoamerica/muerte-brasilenos-intoxicados-chile-plantea-dudas-airbnb-noticia-638145 …,2019-05-27 04:02:46+00:00,5,2,,Balao,Captur_Azuay|patoedg
1125740392396333056,patoedg,Siguen en otros países problemas con @arbnb q auspicia la informalidad lo q se debe hacer es formalizar a quienes ofrecen hospedaje por estas plataformas virtuales @fenacapturec @TurismoEc @tomebambahttps://www.cnnchile.com/economia/airbnb-arriendo-departamento-las-condes_20190321/ …,2019-05-07 12:33:19+00:00,5,4,,Balao,revistacuenca|Turismovisiong1|Captur_Azuay|patoedg
1125186772277895168,llerenagilces28,Quinta San Martin gracias por el excelente hospedaje. #HermosoLugarpic.twitter.com/LfbB8eLJfa,2019-05-05 23:53:26+00:00,2,1,#HermosoLugarpic,Balao,castrolaaz1993
1151130490524430336,PUNTAHILLS,Hotel en Montañita - Ecuador .. . Pack Estudiantil para 20 personas en Adelante 3Dias y 2 Noches : Incluye: Hospedaje en Grupales Privadas Desayunos Concierto y Fiesta en el Hotel Uso de todas las… https://www.instagram.com/p/Bz-utjOHCTY/?igshid=11f6oan1fah77 …,2019-07-16 14:04:30+00:00,1,1,,Daule,jcv2784
1148655241081978880,PUNTAHILLS,4 Suites Cielos Dobles y Matrimoniales Con balcón y Hamaca Vista al mar y Montañas Tv cable y Baño privado Wifi . Las mejores de Hills . Reserva al 0991776618 . Promoción: Hospedaje pareja Desayunos Cenas… https://www.instagram.com/p/BztJyCmHaOa/?igshid=ce7zt6kb4oej …,2019-07-09 18:08:45+00:00,1,1,,Daule,jcv2784
1147674629177323520,PUNTAHILLS,PROMOCIÓN para Colegio y Universidades Este Mes de Julio y Agosto. Pack Estudiantil: 3 Días 2 Noches Hospedaje Desayuno Tour a Ballenas Fiesta Opción: Almuerzo o Cena . Reserva : 0991776618 . #montañita… https://www.instagram.com/p/BzmLcSUHTUt/?igshid=nhl2nzz7bu1v …,2019-07-07 01:12:09+00:00,1,1,#montañita,Daule,jcv2784
1143150336422621185,PUNTAHILLS,Momentos ... #befree #behills ... . Reserva Hospedaje - Tours - Fiesta - Cenas al 0991776618 . #puntahillsmontanita #hotel #magicplace #montañita #beachtime #ecuador en Punta Hills Montanita https://www.instagram.com/p/BzGCcOpn5vG/?igshid=15upcvka8o4bs …,2019-06-24 13:34:13+00:00,1,2,#befree #behills #puntahillsmontanita #hotel #magicplace #montañita #beachtime #ecuador,Daule,jcv2784|ecuabot
1141878618144018433,PUNTAHILLS,Y sal de GuayaKill un rato ... Ven y aprovecha la Promo de Hills .. 2 Días y 1 Noche Hospedaje DESAYUNO INCLUIDO Tour de Ballenas En Habitaciones : 5 a más Personas $42.00 pp En dobles $60.00 pp Reserva al… https://www.instagram.com/p/By9AIb-Hv1f/?igshid=146j0rw3lud10 …,2019-06-21 01:20:52+00:00,1,1,,Daule,jcv2784
1133113663693479937,PUNTAHILLS,Celébralo en Hills .. Promoción Cumpleaños Incluye : Hospedaje ( 6-12 personas ) Desayuno Fiesta Torta de cumple Cóctel Valor x Persona $19.00 . Promoción Parejas Hospedaje Desayuno y Cena . . Reserva… https://www.instagram.com/p/Bx-uSw5HT2s/?igshid=gmwcurq5ur4e …,2019-05-27 20:52:04+00:00,0,1,,Daule,maconchita
1156618635177267205,PanaTVec,1/2 AÚN TENEMOS CUPOS 73 y 4 de Agosto Chanduy Santa Elena Desde los 8 años adolescentes y jóvenes COSTO: $1900 (Incluye Hospedaje y alimentación) SI ERES MENOR DE EDAD: Solo necesitamos una autorización firmada por padres de familia. pic.twitter.com/R5d6CDT2Il,2019-07-31 17:32:26+00:00,3,1,,El Triunfo,JesusGabriel_Ec
1132742594956541953,GLOSS_193,Esperemos que esto si suceda y estas personas puedan ayudar a otras ARMY’s que necesitan hospedaje pero primero @BigHitEnt ya confirma más fechas @BTS_twthttps://twitter.com/1Chimin/status/1132453251033509888 …,2019-05-26 20:17:34+00:00,3,1,,Naranjal,btsecuador4
1129879976701059073,JorgeRojasCr,¿Qué seguridad jurídica hay por dar servicio de hospedaje en internet o tienen mis clientes de que un "Fiscal" pida allanar servidores alquilados a una empresa para poder brindar servicios informáticos? Todos los que estudiamos informática estamos jodidos #FreeOlaBini #InaPapershttps://twitter.com/FiscaliaEcuador/status/1129574042195963904 …,2019-05-18 22:42:33+00:00,391,308,#FreeOlaBini #InaPapershttps,Naranjal,maximoecuador|AgurtoLionel|Flaviovespacian|RivadeneiraVe|vickyzam|acuriafabiansi|JervezElba|adrianitaparra3|marianubecita|kerdica|GianinaRuiz|guillomr|jsre2008|CRCCiudadana|Angeles10035|WilsonZabala16|betodoggo|Ghost_libre|GuidoJara9|vivaprivacidad|nilzarios1|cesarboleda|GabrielFerrin|djdavoec|farriancito|fabricioa74|JorgeAndres000|Fernand20910627|CarlosOnaFierro|XarlesKelvin|jaimeleon27|PAULOLEAS1|alexjesusx_11|asdruyyo|ivonne_ecu|ivanroser|sespinosario|sebis01holver04|HacKanCuBa|IvanjoeIvan|dante19|palichis|santidavid|rbonifaz|Maria66384089|Ecuador_Renace|leonardoced1200|revolucionCHT|MiguelA47734953|gmarcosanchez49|wltech|anapropiada|EdwinGuevara202|licenarcis|robertocarlos_n|jpuma33|jorgedel888|willyv5|tonyvillegas5|Rossyfloril|ColoboneEn|EscorpionFreddy|surkishka|andrea_ilrga|Yosoyecuatoria1|HLVSmashi|SuperMetido|jorgegilces3|gattillos_11|chamo_arias|TropSeat|Eduiners|Gemberdelgado|OvejitaOvejuna|fazahil75|ktecnico77|Daniel44171345|sucocastillo|AnibalSolano4|miriamm03409900|MatSaraguro|15b140e68b02486|MarcoDanielRR|CBGaibor|mAGus099|djeovanny|javierg140477
1147237988969005056,paradorvernal,¡Sorprende a tu pareja con una cena romántica¡ Etiqueta a la persona que te debe una cena así Pregunta por nuestro paquete con hospedaje. Info vía inbox o al 4412964058 http://www.paradorvernal.com.mx #turismoderomance #cenaromantica #bernal #pueblomagicopic.twitter.com/LueCTVJOd2,2019-07-05 20:17:05+00:00,1,1,#turismoderomance #cenaromantica #bernal #pueblomagicopic,Salitre,barrosolinan
1133816190869094403,ADNQro,#NoTeLoPierdas Inauguran segunda Casa del Estudiante de Tequisquiapan en la capital la cual alberga a 10 alumnas. En este espacio se les dará hospedaje alimentación acceso a servicios básicos e internet http://bit.ly/30SEhP9 pic.twitter.com/shgQvLqDpf,2019-05-29 19:23:39+00:00,1,1,#NoTeLoPierdas,Salitre,rafapinzon
1132752917017112576,MUYMIO,Con Ronald McDonald. Ellos cubren todo. Traslados hospedaje comidas y tratamiento. Revisar en un McDonalds,2019-05-26 20:58:35+00:00,3,1,,Bolívar,RivasDaisy
1150826049787351041,alkaravan,De este hospedaje Residencias Berlin Granada sacaron muchas personas y las desaparecían Antiguo DAS y paracos juntos móviles principalmente robarles dinero y pertenencias. pic.twitter.com/7CJxm44Zwv,2019-07-15 17:54:46+00:00,1,3,,Puerto López,claudia26san|karsojo
1139158963449159682,Ingeniebrita,Ustedes como hacen pa viajar tanto y tan seguido a Miami juepuchaaaaaaa el hospedaje es Puchaaaamente carooooooo yo pensaba que NYC era costoso pero mirando Miami lo es también.,2019-06-13 13:13:56+00:00,15,1,,Puerto López,Badtoys
1137399458885513217,MigracionCol,Oficiales de @MigracionCol realizaron labores de verificación migratoria en establecimientos comerciales y lugares de hospedaje de extranjeros en el municipio de Chía. #SomosMigraciónpic.twitter.com/B98o6JoXOW,2019-06-08 16:42:17+00:00,5,2,#SomosMigraciónpic,Puerto López,lrgrivera|sislleyyonay
1134911791899783168,PoliciaMeta,#ConstruyendoSeguridad En Puerto López #Meta con @ProteccionPonal realizamos actividades de control al Registro Nacional de Turismo de los establecimientos de alojamiento y hospedaje para garantizar un #TurismoSeguro.pic.twitter.com/zxurYvHRfJ,2019-06-01 19:57:11+00:00,5,5,#ConstruyendoSeguridad #Meta #TurismoSeguro,Puerto López,vi43851511|ricardo46933044|Monitor3Dmedio|ricardo55324015|amfrgn
1133479757826482177,MigracionCol,Dentro de la estrategia #GEM Oficiales de @MigracionCol @PoliciaColombia y la Secretaría de Salud de Neiva adelantan labores de verificación en sitios de hospedaje en el centro y aledaños al malecón en la capital del Huila #SomosMigraciónpic.twitter.com/UaI5Y2HSZr,2019-05-28 21:06:47+00:00,6,1,#GEM #SomosMigraciónpic,Puerto López,
1130638282205925379,PoliciaMeta,#MásCercaDelCiudadano En Puerto Gaitán #Meta con #ProtecciónTurismo realizamos actividades de control al Registro Nacional de Turismo de los establecimientos de Alojamiento y Hospedaje del municipio para garantizar un #TurismoSeguro. #CódigoDeConvivenciapic.twitter.com/uWlp3lZVEN,2019-05-21 00:55:47+00:00,6,4,#MásCercaDelCiudadano #Meta #ProtecciónTurismo #TurismoSeguro #CódigoDeConvivenciapic,Puerto López,Monitor3Dmedio|arias_patricia|ricardo55324015|frankli82183793
1130614889825951745,AnaMaGarcia10,#EncuentroSDS Lugar: Medellín Fecha: Confirmados: Tiquetes: Hospedaje: Ya casi ya casi,2019-05-20 23:22:50+00:00,2,1,#EncuentroSDS,Puerto López,carlos_xavier_c
1129028624693235716,MigracionCol,Oficiales de @MigracionCol realizaron labores de control y verificación y socializan la normatividad migratoria vigente en establecimientos que prestan servicios de hospedaje en Ibagué #SomosMigracionpic.twitter.com/sXLHuy9sB6,2019-05-16 14:19:35+00:00,1,2,#SomosMigracionpic,Puerto López,rosilla23|rubensiena1975
1121393011911462915,mafero__,Alguien que no tenga hospedaje en Santa Marta y necesite para viernes y sábado?,2019-04-25 12:38:23+00:00,7,18,,Puerto López,luchocasasr|ReyLuis0793|AJMedinaB|cvera31|carorojasrincon|JuanMHolguin261|gabrielsiabato|JuanAndresLond|DFajardo34|beltrann_david|GeralArevaloS|UnHombreNormal|OvalleLuiSF|evivianam17|JULIETAGOMEZR|aleja1020|DaniiSosaLoaiza|TatiRomerosh5
1121912076941676544,loma_nevada,Con el mejor confort y calidad para tu hospedaje y ahora con los mejores precios hasta el 31 de mayo. Todos los días. Ven a disfrutar de este paraíso idílico. Te esperamos. #lomanevada… https://www.instagram.com/p/BwvIZ07A3bm/?utm_source=ig_twitter_share&igshid=1ktlaofcafqtl …,2019-04-26 23:00:57+00:00,2,2,#lomanevada,Puebloviejo,rodolfososa83|omarhernang
1151887557669662720,abrahamigs,“Estamos cubriéndole alimentación hospedaje y transporte a más de 600 personas en esta #ConvenciónMaranatha” dijo @PastorPaco77 en la conferencia de Liderazgo y Gerencia.pic.twitter.com/3ywamLSbIw,2019-07-18 16:12:49+00:00,5,9,#ConvenciónMaranatha,Valencia,maranathaVE|chiquinquiraso1|johnmiotta|abrahamigs|Holguergarcia|JossRz|lidercesar|leeyvivelo
1139195860632424448,termaltrinchera,Estamos activos por Instagram por mensaje directo para dar respuesta a sus inquietudes y reservar su hospedaje en nuestro Hotel. ... #termaltrincheras #hotel #spa #aguastermales #carabobo #venezuelapic.twitter.com/0xcRQIeWu7,2019-06-13 15:40:33+00:00,0,1,#termaltrincheras #hotel #spa #aguastermales #carabobo #venezuelapic,Valencia,pedrorrq
1136081606098268160,termaltrinchera,Su salud es importante para nosotros ofrecemos los servicios de salud que necesita con precios aun accesibles en la modalidad todo el día desde las 7:00 am o con hospedaje sin desayuno... #termaltrincheras #hotel #spa #aguastermales #carabobo #venezuela #travelpic.twitter.com/tuYGvnNAYU,2019-06-05 01:25:36+00:00,2,1,#termaltrincheras #hotel #spa #aguastermales #carabobo #venezuela #travelpic,Valencia,pedrorrq
1159942269216022528,comiemx,#RumboAAcapulco2019 - Consulta toda la información sobre el hospedaje y más detalles del congreso en el sitio web: http://congreso.comie.org.mx/ pic.twitter.com/Y92R6vXxip,2019-08-09 21:39:22+00:00,5,4,#RumboAAcapulco2019,Salinas,JCHR1920|DlaLilia|delrealmia|Germnlvarez
1146093462787362818,jorgealbertole4,Si la policía federal no pagaba ni el hospedaje y en Acapulco algunos hoteles estuvieron a punto de quebrar,2019-07-02 16:29:09+00:00,2,1,,Salinas,DonPioSemu
1126888428740726786,valdoviaggio,Transporte Redondo Corona Capital GDL nos vamos hoy pasando la media noche  opción a hospedaje también INBOX @CoronaCapitalGD #CoronaCapitalGDLpic.twitter.com/C4OEua67kt,2019-05-10 16:35:12+00:00,1,1,#CoronaCapitalGDLpic,Salinas,M3WO
1126528033978974209,valdoviaggio,Últimos espacios para @CoronaCapitalGD transporte redondo desde CDMX con opción a hospedaje ! Salimos viernes pasando la media noche también nos sobran 2 accesos generales 1200 #CoronaCapitaGDL INBOX @Vendo_Boletos @Boletos_CDMX_ @VendoBoletosDFpic.twitter.com/A0uE2Gkr2y,2019-05-09 16:43:07+00:00,2,2,#CoronaCapitaGDL,Salinas,Isac57838994|cdmxRT
1126155259305394176,valdoviaggio,Aún tenemos espacios para el @CoronaCapitalGD transporte redondo desde CDMX con opción a hospedaje también ! INBOX salimos viernes en la noche #CoronaCapitalGDL @Vendo_Boletos @VentaBoletosMx @Boletos_CDMX_pic.twitter.com/cnEAXQQF0H,2019-05-08 16:01:51+00:00,2,2,#CoronaCapitalGDL,Salinas,Isac57838994|cdmxRT
1125526252213948417,valdoviaggio,Recuerden que este sábado iremos al @CoronaCapitalGD Tour incluye: 1 noche de hospedaje transporte redondo Trasladó al evento desayuno y souvenir #CoronaCapitalGuadalajara #vasotequedas #INBOX #RT SALIMOS CDMXpic.twitter.com/cUd6NL9bzs,2019-05-06 22:22:24+00:00,3,1,#CoronaCapitalGuadalajara #vasotequedas #INBOX #RT,Salinas,GTM1001
1132752917017112576,MUYMIO,Con Ronald McDonald. Ellos cubren todo. Traslados hospedaje comidas y tratamiento. Revisar en un McDonalds,2019-05-26 20:58:35+00:00,3,1,,Bolivar,RivasDaisy
1159459589294821378,ARCSA_CZ1,#ArcsaEnMedios | Entrevista en @TVCISNE sobre el operativo realizado en los establecimientos que brindan servicios de hospedaje y los próximos a efectuarse en #Sucumbíospic.twitter.com/wBQ5qEyA8Y,2019-08-08 13:41:22+00:00,14,24,#ArcsaEnMedios #Sucumbíospic,Ibarra,aalleexxoorr|Alejand56272285|DiegoMancheno4|Paul_Jaime_Pozo|LolitaMachado3|PatoCastro1090|JimmyCarrasco8|AceroMilton|jfsevillano|Abyaleja|janeTutiven|formulandres|JaimeLo89443113|PaoCarpioAuz|AlexitaFlores6|tati_bermeo10|jime_elizabethv|FerZambrano12|marlonfer|santiag13499961
1159506853354758144,HeneciaEcuador,Buen día Henecias! Si alguien que viaja a Perú al concierto de KHJ y aún no dispone de hospedaje envíennos un inbox por favor ya que tenemos lugar en un departamento cercano al concierto!,2019-08-08 16:49:11+00:00,14,5,,Quito,HeneciaArg|Yaniserrano|KhjFever|ahava2538|MaraVar55835643
1159126530125107205,ARCSA_CZ9,#ArcsaTeInforma | Precautelamos la salud de los turistas mediante el control de establecimientos de servicio de hospedaje verificando que cuenten con adecuadas condiciones sanitarias para recibirlos durante el feriado. #Quito #ArcsaTeCuidapic.twitter.com/hXEBbb2Ds2,2019-08-07 15:37:54+00:00,10,16,#ArcsaTeInforma #Quito #ArcsaTeCuidapic,Quito,gatitaabad|Henry_Loves|irma_maritza|MJFN7|ximetorresg1|maitejany|ArenitaFer7|LivKatherine|Arcsa_Ec|PatoChasi|MechitaNadal|LindaMe16821623|JuanJCarcamo|Farina_San|AurelioLarregui|AriGuijarro|Ale_Press
1139972317268840449,rocafuertemax,Q grave abuso d las pseudo agencias d turismo.Reciben grandes cantidades de dinero y luego abandonan a los turistas en países extraños sin responder por pasajesguías alimentación hospedaje. De igual manera procede reiteradamente RITOSTURISA de AITH GOMEZ Q.Q dirá Min.Turismo?,2019-06-15 19:05:54+00:00,3,3,,Quito,beatriz1050lau|rocafuertemax|quitocol
1133257924124528640,Marketing_VIP,Papá merece ser tratado como el rey del hogar por eso llévalo a Panamá a un viaje de ensueños con todas las comodidades. Te incluye: Ticket aéreo Hospedaje en ciudad y playa Tours Alimentación… https://www.instagram.com/p/Bx_vuZdApqA/?igshid=1crucf8sdlicw …,2019-05-28 06:25:18+00:00,3,2,,Quito,alejo_morales23|FESony
1122670128695578624,nass_sol,En el #Hotel @nass_sol de #Quito nos mueve el valor por el servicio! Nuestro principal objetivo es servirte como te mereces por ello queremos premiar tu fidelidad con la promoción de Acumulación de Puntos. Recibe noches de hospedaje gratis y muchas sorpresas más! #ganapuntospic.twitter.com/khFJsKKmeO,2019-04-29 01:13:11+00:00,1,1,#Hotel #Quito #ganapuntospic,Quito,
1121503309410578432,jpvelin,¡Buenas noticias! Se aprobó el reglamento que beneficia a las personas con enfermedades catastróficas y les da el derecho a gozar de servicios de hospedaje transporte alimentación y otros que el ente rector de salud no pueda cubrir. Video completo: https://youtu.be/WoRGpP9YRzY pic.twitter.com/PE1q6xYjSL,2019-04-25 19:56:40+00:00,16,15,,Quito,LitumaXimena|LandiArmando|JonatanArteaga5|EmiliLituma|LitumaCabrera|EstebanACL|Tebo_cl|marilu164|tayronvalarezo|Freddy_cabreraL|cabrera_lituma|Benjami17613289|AlejandroCriol2|raulsantiagolm
1120427906633744386,nass_sol,En el #hotel @nass_sol de #Quito nos mueve el valor por el servicio!!! Nuestro principal objetivo es servirte como te mereces por ello queremos premiar tu fidelidad con la Acumulación de Puntos. Recibe noches de hospedaje gratis y muchas sorpresas más! #hospedajegratispic.twitter.com/FFSgeAiZIC,2019-04-22 20:43:24+00:00,1,1,#hotel #Quito #hospedajegratispic,Quito,
1157635700789059585,CibaoCentralPN,Dirección #CibaoCentral @PoliciaRD #SinTregua contra el crímen apresa autor de la muerte de persona indigente en Hospedaje Yaqué #Santiago. Se trata de Wilkins Lebrón De Los Santos (a) Tafito de 35 años. @de_dipre @MinInteriorRDpic.twitter.com/tqKEWsbny2,2019-08-03 12:53:53+00:00,5,3,#CibaoCentral #SinTregua #Santiago,Mejia,Pedrojavier2275|Guiller86067026|CisneroTobias
1145154043750338561,lockpasoporto,@AlcaldiadeStgo @AbelMartinezD Nos reporta José Manuel Castillo desde el Hospedaje Yaque un basurero inusual favor tomar nota la limpieza de la ciudad es el buque insignia de la actual gestión. @StgoSomosTodos @DJavierTH @MaryRussell1308 @LucienneCarlo @samy_cho #BasuraNopic.twitter.com/hFzaZjUAvg,2019-06-30 02:16:14+00:00,2,4,#BasuraNopic,Mejia,Teretere232|StgoSomosTodos|MaryRussell1308|DJavierTH
1128681344136036352,Macara_Oficial,¡VIAJA CON NOSOTROS! Bolivia Incluye: Todos los traslados del aeropuerto-hotel-estadio. Hospedaje City Tour por la ciudad de Santa Cruz de la Sierra. Salida: 19 de mayo-Retorno: 22 de mayo. Valor: $800 USD Aceptamos efectivo y tarjetas de crédito. #YoCreoEnTiMacarápic.twitter.com/bcJZpwtlfv,2019-05-15 15:19:36+00:00,51,17,#YoCreoEnTiMacarápic,Ambato,AbriMario|renat0s|carlosflacko|washingtonpadi5|sandrahurtadof|egons_ec|hectygol10|byronavo|horlandosalazar|PedroJrLlerena|oscar_gamb|fervasq12|diegol_ING|orland86|33johfer|dome_lisbeth
1158796860745760768,Arcsa_Ec,#ArcsaTeCuida | En #BañosDeAguaSanta y #Guayaquil técnicos de #Arcsa realizan visitas en establecimientos de hospedaje para verificar las condiciones higiénico-sanitarias y el cumplimiento de la normativa vigente. pic.twitter.com/x8SzATmlm9,2019-08-06 17:47:55+00:00,44,89,#ArcsaTeCuida #BañosDeAguaSanta #Guayaquil #Arcsa,Chunchi,Sebasti46302110|AlejaS22820030|ValValori22|mauriciopazmio3|borbor_grace|Vivi73033532|CarolinaYumi1|EdwarRo66689378|YanezCJorge|CandyRafiGarcia|VickyRuizRR|marlonfer|paulycalderon07|TereGuerrero3|LilianaGunsha88|jime_elizabethv|JavierIntri|peterking1950|nanamaryore|Annie28428202|AvilaAlexf|tati_bermeo10|Henry_Loves|Dralch|Eddin91|MartikAlcivar|santiag13499961|JanePadillaB|agatharafaela14|alberthcarrera|cenastad|fredynz|DaniNarvaezA|aldoguillade|VivisGN|ecr_esther|vellico|CarmitaCaldero3|vero_jaya|Chris_Dier_84|JESSLEO79925089|XaviTaramuel|BelenFl22333312|isapau1986|janeTutiven|Paul_Jaime_Pozo|Santy_Pinedae|LalytaVillacis|FerZambrano12|ARCSA_CZ3|felix13lenin|Luistitomenen10|PatoCastro1090|cabezasandrea1|ecomatico|AlexitaFlores6|DiegoMancheno4|VeritoImb|MarisolMora4|Santiag80317734|dianyjimeneza|Carlosivan_B|MONY_83135|ARCSA_CZ2|cintya_tello|ErikaVera2017|KarlaDelgadoA|LaazDavid|NevarezLoor|KarLiiTa28|Javierm412|PatriciaHervas|plucema87|aecmagestad|AmaliaPalaciosA|ARCSA_CZ5|Fercita_Andrade
1158782473188384768,ARCSA_CZ8,#ArcsaTeInforma | Socializamos con propietarios y encargados de servicios de hospedaje y turismo sobre las observaciones levantadas durante la inspección. #ArcsaTeCuidapic.twitter.com/ZxrkojzrPL,2019-08-06 16:50:45+00:00,5,10,#ArcsaTeInforma #ArcsaTeCuidapic,Chunchi,JavierIntri|Annie28428202|Dralch|DaniNarvaezA|aldoguillade|ecomatico|rociomarca73|fredynz
1158775666269216768,ARCSA_CZ8,#ArcsaTeInforma | Verificamos mantenimiento de equipos de lavado de lencería en servicios de hospedaje y turismo en la ciudad de #Guayaquil . #ArcsaTeCuidapic.twitter.com/yoQFARRaYD,2019-08-06 16:23:42+00:00,4,9,#ArcsaTeInforma #Guayaquil #ArcsaTeCuidapic,Chunchi,Annie28428202|Dralch|aldoguillade|rociomarca73|Eddin91|ecomatico|fredynz
1158773870679212033,Arcsa_Ec,#ArcsaTeCuida | Técnicos de #Arcsa realizan operativo de control en establecimientos que ofrecen servicios de hospedaje en #SantaElena y #Crucita previo al feriado.pic.twitter.com/BJU5ICtV5p,2019-08-06 16:16:34+00:00,50,96,#ArcsaTeCuida #Arcsa #SantaElena #Crucita,Chunchi,Sebasti46302110|paguaymiguel91|AlejaS22820030|rociomarca73|mauriciopazmio3|isaias_photo|Vivi73033532|CarolinaYumi1|CandyRafiGarcia|luisyanacallo19|Joyi_emelec|LalytaVillacis|paulycalderon07|TereGuerrero3|Jessica02307576|Annie28428202|LilianaGunsha88|LuisIvanRamonS2|jime_elizabethv|peterking1950|sonia_ajila|nanamaryore|tati_bermeo10|MartikAlcivar|santiag13499961|JanePadillaB|ErikaAl39264046|alberthcarrera|agatharafaela14|cenastad|ValValori22|DaniNarvaezA|VivisGN|ecr_esther|vellico|Chris_Dier_84|JESSLEO79925089|XaviTaramuel|BelenFl22333312|isapau1986|Paul_Jaime_Pozo|janeTutiven|Santy_Pinedae|JaimeLo89443113|jfsevillano|FerZambrano12|felix13lenin|PatriciaHervas|irmacoronelp|Luistitomenen10|cabezasandrea1|PatoCastro1090|karinaredroban|AlexitaFlores6|DiegoMancheno4|VeritoImb|MarisolMora4|Santiag80317734|MONY_83135|ARCSA_CZ2|Carlosivan_B|KarlaDelgadoA|NevarezLoor|KarLiiTa28|plucema87|Fercita_Andrade|vero_jaya|juanpluacz5|ARCSA_CZ3|mellizeiro|Carlacr_1|CarmitaCaldero3|YanezCJorge|GaarKarito|AmaliaPalaciosA|JavierIntri|cra_amapola|cintya_tello|borbor_grace|LaazDavid|rafaconforme|ARCSA_CZ5|fredynz|ConmigoEcuador
1158772538694148097,ARCSA_CZ8,#ArcsaTeInforma | Socializamos con los colaboradores de servicios de hospedaje y turismo la importancia de los procedimientos y registros de limpieza. #ArcsaTeCuidapic.twitter.com/aKnbZWKcEw,2019-08-06 16:11:16+00:00,3,8,#ArcsaTeInforma #ArcsaTeCuidapic,Chunchi,rociomarca73|Annie28428202|Dralch|aldoguillade|ecomatico|fredynz
1158770658215682049,ARCSA_CZ8,#ArcsaTeInforma | Verificamos la limpieza de los utensilios donde se almacenan los alimentos que se sirven en el Buffet de restaurantes en servicios de hospedaje. #ArcsaTeCuidapic.twitter.com/JIERSnhMgz,2019-08-06 16:03:48+00:00,3,8,#ArcsaTeInforma #ArcsaTeCuidapic,Chunchi,Annie28428202|Dralch|aldoguillade|rociomarca73|ecomatico|fredynz|Jewston23
1158764712861011969,ARCSA_CZ8,#ArcsaTeInforma | Personal técnico de #Arcsa y @MinturZonal5 verifican el cumplimiento de la normativa vigente para servicios de hospedaje que funcionan en el centro de #Guayaquil . #ArcsaTeCuidapic.twitter.com/cKgorXTW7V,2019-08-06 15:40:11+00:00,6,12,#ArcsaTeInforma #Arcsa #Guayaquil #ArcsaTeCuidapic,Chunchi,rociomarca73|AmaliaPalaciosA|Annie28428202|Dralch|DaniNarvaezA|aldoguillade|Eddin91|Joanaizdel|ecomatico|fredynz
1158763892614598656,ARCSA_CZ8,#ArcsaTeInforma | Verificamos limpieza e higiene en habitaciones de servicios de hospedaje que funcionan en el centro de la ciudad de #Guayaquil . #ArcsaTeCuidapic.twitter.com/GQzsv6auCd,2019-08-06 15:36:55+00:00,3,10,#ArcsaTeInforma #Guayaquil #ArcsaTeCuidapic,Chunchi,rociomarca73|CristhianLoja2|Annie28428202|Dralch|aldoguillade|Eddin91|ecomatico|fredynz
1158762522746507267,ARCSA_CZ8,#ArcsaTeInforma | Personal técnico de #Arcsa verifica limpieza de estanterías y almacenamiento de materias primas en restaurantes que funcionan dentro de establecimientos de turismo y hospedaje. #ArcsaTeCuidapic.twitter.com/lQPFkYkKRq,2019-08-06 15:31:28+00:00,13,18,#ArcsaTeInforma #Arcsa #ArcsaTeCuidapic,Chunchi,rociomarca73|Anemix_salo|AceroMilton|Ale_Press|CarmitaCaldero3|cra_amapola|JavierIntri|Annie28428202|Dralch|aldoguillade|Eddin91|fredynz|DaniNarvaezA|MulkySebas|ecomatico
1158761688138731520,Black1411,Agrego que el año pasado Emelec aparecía en el SRI con una deuda por más de 3 Millones de dólares. Al terminar el año 2018 salía cero deudas. Más pago a empleados del club mantenimiento del estadio gastos por concentración traslados hospedaje alimentación etc etc,2019-08-06 15:28:09+00:00,4,2,,Chunchi,JayS_negro|robertpalacios1
1158759669709582337,ARCSA_CZ8,#ArcsaTeInforma | En operativo junto a @MinturZonal5 verificamos condiciones higiénicas en servicios de turismo y hospedaje del centro de #Guayaquil. #ArcsaTeCuidapic.twitter.com/HwPl78nZHX,2019-08-06 15:20:08+00:00,7,12,#ArcsaTeInforma #Guayaquil #ArcsaTeCuidapic,Chunchi,rociomarca73|Annie28428202|Dralch|DaniNarvaezA|ARCSA_CZ2|Jewston23|aldoguillade|Eddin91|fredynz|ecomatico
1157085618062659584,EcPeloteros,Carlos Córdova en #Peloteros: Ya se está arreglando el tema de hospedaje la movilización todo lo concerniente a Angulo. Aunque faltan definir temas como el salario del jugador,2019-08-02 00:28:03+00:00,0,1,#Peloteros,Chunchi,ElvisTayo
1159960152012939269,CooperativaJEP,En este feriado paga tus consumos de gastronomía viajes hospedaje y mucho más con #TarjetasJEP. Aprovecha los descuentos y promociones exclusivas.,2019-08-09 22:50:25+00:00,8,1,#TarjetasJEP,Azogues,macoalt
1158375712233021446,peluditoscuenc,Tenemos en hospedaje un gigante llamado #Chaplin es del mismo tamaño que #Dilan pero de una ternura y amor únicos #CasaDeLosPeluditos … https://www.instagram.com/p/B0yOJXWpHWy/?igshid=1etw7zcgst5gc …,2019-08-05 13:54:26+00:00,1,1,#Chaplin #Dilan #CasaDeLosPeluditos,Azogues,xaviermolinas
1132859665686192129,patoedg,Lo imperativo de q exista regulacion y control a este tipo de hospedaje q garantice seguridad a quien lo utilice @fenacapturec @TurismoEc @Captur_Azuay @TurismoCuencaEChttps://elcomercio.pe/mundo/latinoamerica/muerte-brasilenos-intoxicados-chile-plantea-dudas-airbnb-noticia-638145 …,2019-05-27 04:02:46+00:00,5,2,,Azogues,Captur_Azuay|patoedg
1125740392396333056,patoedg,Siguen en otros países problemas con @arbnb q auspicia la informalidad lo q se debe hacer es formalizar a quienes ofrecen hospedaje por estas plataformas virtuales @fenacapturec @TurismoEc @tomebambahttps://www.cnnchile.com/economia/airbnb-arriendo-departamento-las-condes_20190321/ …,2019-05-07 12:33:19+00:00,5,4,,Azogues,revistacuenca|Turismovisiong1|Captur_Azuay|patoedg
1125186772277895168,llerenagilces28,Quinta San Martin gracias por el excelente hospedaje. #HermosoLugarpic.twitter.com/LfbB8eLJfa,2019-05-05 23:53:26+00:00,2,1,#HermosoLugarpic,Azogues,castrolaaz1993
1132742594956541953,GLOSS_193,Esperemos que esto si suceda y estas personas puedan ayudar a otras ARMY’s que necesitan hospedaje pero primero @BigHitEnt ya confirma más fechas @BTS_twthttps://twitter.com/1Chimin/status/1132453251033509888 …,2019-05-26 20:17:34+00:00,3,1,,Biblian,btsecuador4
1129879976701059073,JorgeRojasCr,¿Qué seguridad jurídica hay por dar servicio de hospedaje en internet o tienen mis clientes de que un "Fiscal" pida allanar servidores alquilados a una empresa para poder brindar servicios informáticos? Todos los que estudiamos informática estamos jodidos #FreeOlaBini #InaPapershttps://twitter.com/FiscaliaEcuador/status/1129574042195963904 …,2019-05-18 22:42:33+00:00,391,308,#FreeOlaBini #InaPapershttps,Biblian,maximoecuador|AgurtoLionel|Flaviovespacian|RivadeneiraVe|vickyzam|acuriafabiansi|JervezElba|adrianitaparra3|marianubecita|kerdica|GianinaRuiz|guillomr|jsre2008|CRCCiudadana|Angeles10035|WilsonZabala16|betodoggo|Ghost_libre|GuidoJara9|vivaprivacidad|nilzarios1|cesarboleda|GabrielFerrin|djdavoec|farriancito|fabricioa74|JorgeAndres000|Fernand20910627|CarlosOnaFierro|XarlesKelvin|jaimeleon27|PAULOLEAS1|alexjesusx_11|asdruyyo|ivonne_ecu|ivanroser|sespinosario|sebis01holver04|HacKanCuBa|IvanjoeIvan|dante19|palichis|santidavid|rbonifaz|Maria66384089|Ecuador_Renace|leonardoced1200|revolucionCHT|MiguelA47734953|gmarcosanchez49|wltech|anapropiada|EdwinGuevara202|licenarcis|robertocarlos_n|jpuma33|jorgedel888|willyv5|tonyvillegas5|Rossyfloril|ColoboneEn|EscorpionFreddy|surkishka|andrea_ilrga|Yosoyecuatoria1|HLVSmashi|SuperMetido|jorgegilces3|gattillos_11|chamo_arias|TropSeat|Eduiners|Gemberdelgado|OvejitaOvejuna|fazahil75|ktecnico77|Daniel44171345|sucocastillo|AnibalSolano4|miriamm03409900|MatSaraguro|15b140e68b02486|MarcoDanielRR|CBGaibor|mAGus099|djeovanny|javierg140477
1155537502549229574,ENRIQUECORTES86,Ya pedí formalmente vía e-mail la corrección de mi exclusión del listado para la exhibición del 11 de agosto. Tengo pasajes aéreos hospedaje todo listo menos el reconocimiento para asistir.,2019-07-28 17:56:24+00:00,4,3,,Giron,pilarp30|mu_garces
1124680695962533889,MinturZonal7,Cuando viajes anticipa tu hospedaje y planifica tu recorrido por tu seguridad y la de tu familia. #ViajaSeguroECpic.twitter.com/QatQi9jOra,2019-05-04 14:22:28+00:00,1,2,#ViajaSeguroECpic,Loja,Patolinoe|ivanvelezb
1135930566262611971,Alberto_Herrera,Necesita hospedaje y chamba de casi cualquier cosa que le permita comenzar a tejer su nueva vida. "Sé manejar pintar hasta cositas de electrónica" me dice. Está solo. No tiene a nadie por acá más que a un muchacho que conoció en ese tren donde tantos han muerto.,2019-06-04 15:25:26+00:00,8,3,,Zapotillo,hugovadillozur|ItzelEguiluz|RupestrPedestre
1135918522389880836,Alberto_Herrera,¿Y si hacemos un Airbnb pero para migrantes sin documentos? ¿Una red enorme de gente que pueda recibir a quienes necesitan hospedaje temporal mientras se buscan la vida en nuestra ciudad?,2019-06-04 14:37:34+00:00,44,5,,Zapotillo,RodrigoUPG|ElviaQuintanar|jailandrade|CulturaNueva|malopuga
1159506853354758144,HeneciaEcuador,Buen día Henecias! Si alguien que viaja a Perú al concierto de KHJ y aún no dispone de hospedaje envíennos un inbox por favor ya que tenemos lugar en un departamento cercano al concierto!,2019-08-08 16:49:11+00:00,14,5,,El Chaco,HeneciaArg|Yaniserrano|KhjFever|ahava2538|MaraVar55835643
1159126530125107205,ARCSA_CZ9,#ArcsaTeInforma | Precautelamos la salud de los turistas mediante el control de establecimientos de servicio de hospedaje verificando que cuenten con adecuadas condiciones sanitarias para recibirlos durante el feriado. #Quito #ArcsaTeCuidapic.twitter.com/hXEBbb2Ds2,2019-08-07 15:37:54+00:00,10,16,#ArcsaTeInforma #Quito #ArcsaTeCuidapic,El Chaco,gatitaabad|Henry_Loves|irma_maritza|MJFN7|ximetorresg1|maitejany|ArenitaFer7|LivKatherine|Arcsa_Ec|PatoChasi|MechitaNadal|LindaMe16821623|JuanJCarcamo|Farina_San|AurelioLarregui|AriGuijarro|Ale_Press
1139972317268840449,rocafuertemax,Q grave abuso d las pseudo agencias d turismo.Reciben grandes cantidades de dinero y luego abandonan a los turistas en países extraños sin responder por pasajesguías alimentación hospedaje. De igual manera procede reiteradamente RITOSTURISA de AITH GOMEZ Q.Q dirá Min.Turismo?,2019-06-15 19:05:54+00:00,3,3,,El Chaco,beatriz1050lau|rocafuertemax|quitocol
1133257924124528640,Marketing_VIP,Papá merece ser tratado como el rey del hogar por eso llévalo a Panamá a un viaje de ensueños con todas las comodidades. Te incluye: Ticket aéreo Hospedaje en ciudad y playa Tours Alimentación… https://www.instagram.com/p/Bx_vuZdApqA/?igshid=1crucf8sdlicw …,2019-05-28 06:25:18+00:00,3,2,,El Chaco,alejo_morales23|FESony
1122670128695578624,nass_sol,En el #Hotel @nass_sol de #Quito nos mueve el valor por el servicio! Nuestro principal objetivo es servirte como te mereces por ello queremos premiar tu fidelidad con la promoción de Acumulación de Puntos. Recibe noches de hospedaje gratis y muchas sorpresas más! #ganapuntospic.twitter.com/khFJsKKmeO,2019-04-29 01:13:11+00:00,1,1,#Hotel #Quito #ganapuntospic,El Chaco,
1121503309410578432,jpvelin,¡Buenas noticias! Se aprobó el reglamento que beneficia a las personas con enfermedades catastróficas y les da el derecho a gozar de servicios de hospedaje transporte alimentación y otros que el ente rector de salud no pueda cubrir. Video completo: https://youtu.be/WoRGpP9YRzY pic.twitter.com/PE1q6xYjSL,2019-04-25 19:56:40+00:00,16,15,,El Chaco,LitumaXimena|LandiArmando|JonatanArteaga5|EmiliLituma|LitumaCabrera|EstebanACL|Tebo_cl|marilu164|tayronvalarezo|Freddy_cabreraL|cabrera_lituma|Benjami17613289|AlejandroCriol2|raulsantiagolm
1120427906633744386,nass_sol,En el #hotel @nass_sol de #Quito nos mueve el valor por el servicio!!! Nuestro principal objetivo es servirte como te mereces por ello queremos premiar tu fidelidad con la Acumulación de Puntos. Recibe noches de hospedaje gratis y muchas sorpresas más! #hospedajegratispic.twitter.com/FFSgeAiZIC,2019-04-22 20:43:24+00:00,1,1,#hotel #Quito #hospedajegratispic,El Chaco,
1128681344136036352,Macara_Oficial,¡VIAJA CON NOSOTROS! Bolivia Incluye: Todos los traslados del aeropuerto-hotel-estadio. Hospedaje City Tour por la ciudad de Santa Cruz de la Sierra. Salida: 19 de mayo-Retorno: 22 de mayo. Valor: $800 USD Aceptamos efectivo y tarjetas de crédito. #YoCreoEnTiMacarápic.twitter.com/bcJZpwtlfv,2019-05-15 15:19:36+00:00,51,17,#YoCreoEnTiMacarápic,Arajuno,AbriMario|renat0s|carlosflacko|washingtonpadi5|sandrahurtadof|egons_ec|hectygol10|byronavo|horlandosalazar|PedroJrLlerena|oscar_gamb|fervasq12|diegol_ING|orland86|33johfer|dome_lisbeth
1124680695962533889,MinturZonal7,Cuando viajes anticipa tu hospedaje y planifica tu recorrido por tu seguridad y la de tu familia. #ViajaSeguroECpic.twitter.com/QatQi9jOra,2019-05-04 14:22:28+00:00,1,2,#ViajaSeguroECpic,Yacuambi,Patolinoe|ivanvelezb
1160184020367478784,Finanzas_CDMX,#FelizSábado ¡Ponte al corriente en el pago de tus contribuciones! PREDIAL: http://bit.ly/2idLk2s AGUA:http://bit.ly/2LAaTV0 NÓMINAS: http://bit.ly/2riRFNT PRESTACIÓN DE SERVICIOS DE HOSPEDAJE: http://bit.ly/2VYjnPP Tienes hasta el 2 de septiembre.pic.twitter.com/tke7kfi4JO,2019-08-10 13:40:00+00:00,4,4,#FelizSábado,San Cristobal,RosaMaraNoriaD1|JLBRCDMX|TesoreroCDMX|juandiazcch|hgarcia34
1159942269216022528,comiemx,#RumboAAcapulco2019 - Consulta toda la información sobre el hospedaje y más detalles del congreso en el sitio web: http://congreso.comie.org.mx/ pic.twitter.com/Y92R6vXxip,2019-08-09 21:39:22+00:00,5,4,#RumboAAcapulco2019,San Cristobal,JCHR1920|DlaLilia|delrealmia|Germnlvarez
1159542890609152001,g_huert,Ahora que mi mamá estuvo internada había a su lado una señora que venía de Sonora y su familia se gastó mucho dinero por el tema del hospedaje porque le retrasaron varias veces la operación,2019-08-08 19:12:23+00:00,3,1,,San Cristobal,Berth_Guille
1159207088326762496,Finanzas_CDMX,#FelizMiércoles ¡Ponte al corriente en el pago de tus contribuciones! PREDIAL: http://bit.ly/2idLk2s AGUA: http://bit.ly/2LAaTV0 NÓMINAS: http://bit.ly/2riRFNT PRESTACIÓN DE SERVICIOS DE HOSPEDAJE: http://bit.ly/2VYjnPP pic.twitter.com/GqKRz4u5xQ,2019-08-07 20:58:01+00:00,4,6,#FelizMiércoles,San Cristobal,JLBRCDMX|TesoreroCDMX|spadasanadora|Alcaldia_Coy|hgarcia34|juandiazcch
1158851405114822656,Heldiplomatico,Habitación Estándar equipada con una cama king size o dos camas matrimoniales para un máximo de 3 personas #CDMX #Hospedaje http://www.eldiplomatico.com.mx pic.twitter.com/7dpyQUN3Tn,2019-08-06 21:24:40+00:00,0,1,#CDMX #Hospedaje,San Cristobal,cdmxRT
1158776747652997121,Univ_Destinos,¡Ya viene el Cervantino! Te dejamos 5 opciones de hospedaje en la ciudad de Guanajuato recuerda que debes apurarte a reservar http://eluni.mx/2m4rysqvni pic.twitter.com/Is3strEqXc,2019-08-06 16:28:00+00:00,39,13,,San Cristobal,Maya_Barragan|beatriz91149742|aimemariana|perazaparga|aristotelesona4|ConsulMexHou|Chinadice|AliciaKerber|Viviresunjuego|JaimeSoto90|El_Universal_Mx|MarcoAPrezG|JEMUOR10
1158437515101188096,CTSViajes,Considera agregar en la #PolíticaDeViajes tarifas máximas de hospedaje por ciudad sobre todo en aquellas con mayor volumen de viajes. pic.twitter.com/mw5baIYwYU,2019-08-05 18:00:00+00:00,2,1,#PolíticaDeViajes,San Cristobal,Ambrizjar
1158382176460845056,saludpublicaac,Visiten el sitio de la LXXIII Reunión Anual de Salud Pública en el apartado de Sede podrán consular la ubicación del TuzoForum y la oferta de hospedaje para congresistas. #somossaludpública #73RASP https://www.smsp.org.mx/hidalgo_2019/sede_2019.html …pic.twitter.com/FgbqauJr76,2019-08-05 14:20:07+00:00,15,7,#somossaludpública #73RASP,San Cristobal,MarciaLeyvaG|md_wentrejo|NASA770908|jorgepHGDC|JavierCabralSo1|GalanLuz
1157641227698954240,lalopasquel,El @COM_Mexico pide $40000000.00 para servicios de alimentación hospedaje y atención médica para los atletas que acuden al Centro Deportivo Olímpico Mexicano y @Arturo_SHCP no los otorga papá @lopezobrador_ le pide mil millones para base ball y de inmediato obedece.,2019-08-03 13:15:51+00:00,3,2,,San Cristobal,juancarlosbm47|RAYDIGON
1157407662058934275,AMPROFEC,¿Ya tienes listo tu hospedaje para el XXII Congreso Internacional AMPROFEC? Si aún no tienes tu reservación APROVECHA EL COSTO PREFERENCIAL que el Hyatt Regency Mérida tiene para ti. http://www.congresoamprofec.org #SoyAmprofec #XXIICongresoAMPROFEC #Hospedaje #HyattRegencypic.twitter.com/aiqj543SAs,2019-08-02 21:47:44+00:00,1,1,#SoyAmprofec #XXIICongresoAMPROFEC #Hospedaje #HyattRegencypic,San Cristobal,JEMUOR10
1157156571446730752,Forbes_Mexico,El futuro del hospedaje de lujo está en altamar. Conoce ‘Anthénea’ un hotel en forma de OVNI que promete revolucionar la industria hotelera. Vía @ForbesLifeLatamhttps://enforb.es/2GHDvfz,2019-08-02 05:10:00+00:00,12,11,,San Cristobal,fococreativo|Notaria41EdoMex|asfiscal|Ivan_Mh3003|migu_e210|peloncamala|omarrb123|elviavelazquezr|salgadomg14
1156975377576648705,Forbes_Mexico,El futuro del hospedaje de lujo está en altamar. Conoce ‘Anthénea’ un hotel en forma de OVNI que promete revolucionar la industria hotelera. Vía @ForbesLifeLatam https://enforb.es/2GHDvfz,2019-08-01 17:10:00+00:00,3,1,,San Cristobal,RPlebeyo
1156932196978036737,Univ_Destinos,Cuánto dinero tienes que ahorrar para viajar a Tokio. En este presupuesto incluimos boletos de avión hospedaje y recorridos http://eluni.mx/rduaanzaj_ pic.twitter.com/bDmMZnKrzt,2019-08-01 14:18:25+00:00,40,15,,San Cristobal,arvcastellanos|TeReto_a|Abrahampinedaa|marlenemorita14|Abogado_Q|mercy_bel|sergioaceron|pamhelaf|RosaAna16740049|El_Universal_Mx|KigsGarcia|VirialexViri
1156065051175817216,ElBohemioPuro69,Exijo el reembolso de mi boleto el pago del hospedaje comidas y lo que se acumule por sus cancelaciones arbitrarias! #interjetNOSIRVE #InterjetDefrauda #HuelgaInterjetpic.twitter.com/QpeCzujLQo,2019-07-30 04:52:41+00:00,3,3,#interjetNOSIRVE #InterjetDefrauda #HuelgaInterjetpic,San Cristobal,PoemaL|wen_0909|ArturoPH1970
1148297007074881536,cmexicana,El mejor evento: @OCulinarios + El mejor lugar: @MIHotelPrincess Las Mejores Conferencias en el marco de @ForumImperial No te pierdas la preventa del evento 1-31 de julio con súper precios en hospedaje y entrada a los dos días de #OficiosCulinarios2019pic.twitter.com/abt3cOqjzP,2019-07-08 18:25:15+00:00,4,3,#OficiosCulinarios2019pic,San Cristobal,MIHotelPrincess|sologourmet
1146955241969082369,ClaudioPobleteR,El mejor evento: @OCulinarios + El mejor lugar: @MIHotelPrincess Las Mejores Conferencias en el marco de @ForumImperial No te pierdas la preventa del evento 1-31 de julio con súper precios en hospedaje y entrada a los dos días de #OficiosCulinarios2019pic.twitter.com/u32bblXcuZ,2019-07-05 01:33:33+00:00,6,2,#OficiosCulinarios2019pic,San Cristobal,BetoLanz|dulcevillasr
1146093462787362818,jorgealbertole4,Si la policía federal no pagaba ni el hospedaje y en Acapulco algunos hoteles estuvieron a punto de quebrar,2019-07-02 16:29:09+00:00,2,1,,San Cristobal,DonPioSemu
1137244776053465089,beutelsp,Y lo mismo ofrecerán para mexicanos que no tengan trabajo como hospedaje alimentos cuidado médico y medicinas educación? O solo a los migrantes extranjeros? O sea como mexicano me brinco el muro solicito asilo me regresan a frontera Méx y allí espero contestación?,2019-06-08 06:27:38+00:00,7,1,,San Cristobal,GarciacVicky
1137235516904972288,krismel2929,¡¡¡Esta autoridad nos esta saliendo muy cara hagamos cuentas: salud educación comida hospedaje transporte a los emigrantes!!! Felicidades Trump ganaste convertirte a México en el muro que ya no tienes que construir...,2019-06-08 05:50:50+00:00,2,1,,San Cristobal,krismel2929
1126888428740726786,valdoviaggio,Transporte Redondo Corona Capital GDL nos vamos hoy pasando la media noche  opción a hospedaje también INBOX @CoronaCapitalGD #CoronaCapitalGDLpic.twitter.com/C4OEua67kt,2019-05-10 16:35:12+00:00,1,1,#CoronaCapitalGDLpic,San Cristobal,M3WO
1126528033978974209,valdoviaggio,Últimos espacios para @CoronaCapitalGD transporte redondo desde CDMX con opción a hospedaje ! Salimos viernes pasando la media noche también nos sobran 2 accesos generales 1200 #CoronaCapitaGDL INBOX @Vendo_Boletos @Boletos_CDMX_ @VendoBoletosDFpic.twitter.com/A0uE2Gkr2y,2019-05-09 16:43:07+00:00,2,2,#CoronaCapitaGDL,San Cristobal,Isac57838994|cdmxRT
1126155259305394176,valdoviaggio,Aún tenemos espacios para el @CoronaCapitalGD transporte redondo desde CDMX con opción a hospedaje también ! INBOX salimos viernes en la noche #CoronaCapitalGDL @Vendo_Boletos @VentaBoletosMx @Boletos_CDMX_pic.twitter.com/cnEAXQQF0H,2019-05-08 16:01:51+00:00,2,2,#CoronaCapitalGDL,San Cristobal,Isac57838994|cdmxRT
1125526252213948417,valdoviaggio,Recuerden que este sábado iremos al @CoronaCapitalGD Tour incluye: 1 noche de hospedaje transporte redondo Trasladó al evento desayuno y souvenir #CoronaCapitalGuadalajara #vasotequedas #INBOX #RT SALIMOS CDMXpic.twitter.com/cUd6NL9bzs,2019-05-06 22:22:24+00:00,3,1,#CoronaCapitalGuadalajara #vasotequedas #INBOX #RT,San Cristobal,GTM1001
1144442353555562496,faviola3099,Si alguien sabe de hospedaje en Caguas/Gurabo me dejan saber,2019-06-28 03:08:14+00:00,1,2,,Isabela,ramoslinoshka15|Bguevara14
1126202533251362816,LuisPirataxs,Pero cuál es la crisis porque recuerdo cuando CYC dijo que había que controlar esto y le cayeron encima que esto traía prosperidad que si esto le daba más valor a las propiedades etc. Se está convirtiendo VSJ en casas de hospedaje? https://twitter.com/jlopezbauza/status/1126149526027370497 …,2019-05-08 19:09:42+00:00,6,3,,Isabela,willieseconpr|borinquen009
